Source;Target
allegro.pl;ngacm.com
allegro.pl;googletagservices.com
allegro.pl;udc-neb.kampyle.com
allegro.pl;edge.allegro.pl
allegro.pl;creativecdn.com
allegro.pl;nebula-cdn.kampyle.com
allegro.pl;adservice.google.pl
allegro.pl;adservice.google.com
allegro.pl;facebook.com
allegro.pl;ngastatic.com
allegro.pl;9779023.fls.doubleclick.net
allegro.pl;google-analytics.com
allegro.pl;a.allegroimg.com
allegro.pl;8.allegroimg.com
allegro.pl;connect.facebook.net
allegro.pl;google.pl
allegro.pl;cx.atdmt.com
allegro.pl;securepubads.g.doubleclick.net
allegro.pl;3.allegroimg.com
allegro.pl;cm.creativecdn.com
allegro.pl;stats.g.doubleclick.net
allegro.pl;assets.allegrostatic.com
allegro.pl;googleads.g.doubleclick.net
allegro.pl;cm.g.doubleclick.net
allegro.pl;ams.creativecdn.com
allegro.pl;allegro.hit.gemius.pl
allegro.pl;ls.hit.gemius.pl
allegro.pl;google.com
allegro.pl;googletagmanager.com
allegro.pl;0.allegroimg.com
pl.bongacams.com;d31qbv1cthcecs.cloudfront.net
pl.bongacams.com;google-analytics.com
pl.bongacams.com;google.com
pl.bongacams.com;certify.alexametrics.com
pl.bongacams.com;i.bcicdn.com
pl.bongacams.com;gstatic.com
pl.bongacams.com;google.pl
tpc.googlesyndication.com;pagead2.googlesyndication.com
tvn24.pl;tools.services.tvn.pl
tvn24.pl;r.dcs.redcdn.pl
tvn24.pl;syndication.twitter.com
tvn24.pl;googletagservices.com
tvn24.pl;cdn.syndication.twimg.com
tvn24.pl;adx.adform.net
tvn24.pl;s1.adform.net
tvn24.pl;pagead2.googlesyndication.com
tvn24.pl;facebook.com
tvn24.pl;n-15-5.dcs.redcdn.pl
tvn24.pl;googleads4.g.doubleclick.net
tvn24.pl;tpc.googlesyndication.com
tvn24.pl;s0.2mdn.net
tvn24.pl;js-agent.newrelic.com
tvn24.pl;cm.g.doubleclick.net
tvn24.pl;tvn.hit.gemius.pl
tvn24.pl;code.createjs.com
tvn24.pl;google-analytics.com
tvn24.pl;platform.twitter.com
tvn24.pl;ad.doubleclick.net
tvn24.pl;vars.hotjar.com
tvn24.pl;bam.eu01.nr-data.net
tvn24.pl;ls.hit.gemius.pl
tvn24.pl;tvn.adocean.pl
tvn24.pl;script.hotjar.com
tvn24.pl;s.tvn.pl
tvn24.pl;static.hotjar.com
tvn24.pl;cmtvnpl.hit.gemius.pl
tvn24.pl;dmp.adform.net
tvn24.pl;pix2.services.tvn.pl
vk.com;connect.facebook.net
vk.com;tns-counter.ru
vk.com;top-fwz1.mail.ru
vk.com;facebook.com
cda.pl;spolka.cda.pl
cda.pl;googletagservices.com
cda.pl;apis.google.com
cda.pl;cdn.jsdelivr.net
cda.pl;adservice.google.pl
cda.pl;pagead2.googlesyndication.com
cda.pl;adservice.google.com
cda.pl;tpc.googlesyndication.com
cda.pl;google-analytics.com
cda.pl;icdn.2cda.pl
cda.pl;fonts.googleapis.com
cda.pl;idm.hit.gemius.pl
cda.pl;static1.cda.pl
cda.pl;google.pl
cda.pl;securepubads.g.doubleclick.net
cda.pl;fonts.gstatic.com
cda.pl;script.4dex.io
cda.pl;adx.adform.net
cda.pl;stats.g.doubleclick.net
cda.pl;s1.adform.net
cda.pl;dlafirm.cda.pl
cda.pl;pubs2-eu.creativecdn.com
cda.pl;scdn.2cda.pl
cda.pl;acdn.adnxs.com
cda.pl;scdn.cda.pl
cda.pl;static.cda.pl
cda.pl;ls.hit.gemius.pl
cda.pl;google.com
cda.pl;adx.cda.pl
filmweb.pl;
filmweb.pl;googletagservices.com
filmweb.pl;stat.kununu.cz
filmweb.pl;vc.hotjar.io
filmweb.pl;2.fwcdn.pl
filmweb.pl;pagead2.googlesyndication.com
filmweb.pl;gfx.filmweb.pl
filmweb.pl;facebook.com
filmweb.pl;ced-ns.sascdn.com
filmweb.pl;googleads4.g.doubleclick.net
filmweb.pl;cdn.performax.cz
filmweb.pl;tpc.googlesyndication.com
filmweb.pl;s0.2mdn.net
filmweb.pl;pro.hit.gemius.pl
filmweb.pl;code.createjs.com
filmweb.pl;google-analytics.com
filmweb.pl;api.spoldzielnia.nsaudience.pl
filmweb.pl;pre.glotgrx.com
filmweb.pl;cassini.efigence.com
filmweb.pl;script.hotjar.com
filmweb.pl;pixel.yabidos.com
filmweb.pl;ade.googlesyndication.com
filmweb.pl;connect.facebook.net
filmweb.pl;static.hotjar.com
filmweb.pl;google.pl
filmweb.pl;ced.sascdn.com
filmweb.pl;mis.nsaudience.pl
filmweb.pl;stats.g.doubleclick.net
filmweb.pl;collector-analytics.efigence.com
filmweb.pl;sync.smartadserver.com
filmweb.pl;go.eu.bbelements.com
filmweb.pl;3.fwcdn.pl
filmweb.pl;smartadserver.com
filmweb.pl;ad.doubleclick.net
filmweb.pl;ls.hit.gemius.pl
filmweb.pl;google.com
filmweb.pl;fwcdn.pl
filmweb.pl;cz.search.etargetnet.com
filmweb.pl;vars.hotjar.com
filmweb.pl;googletagmanager.com
gazeta.pl;bi.im-g.pl
gazeta.pl;googletagservices.com
gazeta.pl;adservice.google.com
gazeta.pl;ampcid.google.pl
gazeta.pl;tpc.googlesyndication.com
gazeta.pl;s0.2mdn.net
gazeta.pl;cdn.snippet.abtshield.com
gazeta.pl;connect.facebook.net
gazeta.pl;fonts.googleapis.com
gazeta.pl;dmp.adform.net
gazeta.pl;google.pl
gazeta.pl;px.leadexpert.pl
gazeta.pl;liquid.agora.pl
gazeta.pl;stats.g.doubleclick.net
gazeta.pl;backend.upapi.net
gazeta.pl;cm.g.doubleclick.net
gazeta.pl;ad.doubleclick.net
gazeta.pl;google.com
gazeta.pl;googletagmanager.com
gazeta.pl;rodo.agora.pl
gazeta.pl;static.im-g.pl
gazeta.pl;ampcid.google.com
gazeta.pl;adservice.google.pl
gazeta.pl;ad-delivery.net
gazeta.pl;adv.adview.pl
gazeta.pl;facebook.com
gazeta.pl;pagead2.googlesyndication.com
gazeta.pl;squid.gazeta.pl
gazeta.pl;google-analytics.com
gazeta.pl;cdnt.onnetwork.tv
gazeta.pl;cdn.speedcurve.com
gazeta.pl;cdn.onnetwork.tv
gazeta.pl;d1.abtshield.com
gazeta.pl;vendorlist.consensu.org
gazeta.pl;securepubads.g.doubleclick.net
gazeta.pl;fonts.gstatic.com
gazeta.pl;pubads.g.doubleclick.net
gazeta.pl;mrb.upapi.net
gazeta.pl;galeria.domiporta.pl
gazeta.pl;imasdk.googleapis.com
gazeta.pl;googleads.g.doubleclick.net
gazeta.pl;cdn.ampproject.org
gazeta.pl;ls.hit.gemius.pl
gazeta.pl;gazeta.hit.gemius.pl
gazeta.pl;video.onnetwork.tv
gazeta.pl;api.gazeta.pl
google.com;apis.google.com
google.com;googleads.g.doubleclick.net
google.com;gstatic.com
google.pl;apis.google.com
google.pl;googleads.g.doubleclick.net
google.pl;gstatic.com
interia.pl;
interia.pl;iwa3.hit.interia.pl:8443
interia.pl;googletagservices.com
interia.pl;e.hub.com.pl
interia.pl;bidder.criteo.com
interia.pl;dnacdn.net
interia.pl;i.iplsc.com
interia.pl;ifr-lib.interia.pl
interia.pl;prebid-eu.creativecdn.com
interia.pl;fakty.interia.pl
interia.pl;gum.criteo.com
interia.pl;adc.interia.pl
interia.pl;adservice.google.com
interia.pl;emisja.adsearch.pl
interia.pl;d.iplsc.com
interia.pl;tpc.googlesyndication.com
interia.pl;s0.2mdn.net
interia.pl;cdn.gnsnetwork.pl
interia.pl;sgs.iplsc.com
interia.pl;code.createjs.com
interia.pl;js.iplsc.com
interia.pl;gdpr.api.dmp.nsaudience.pl
interia.pl;encrypted-tbn2.gstatic.com
interia.pl;iwa3.hit.interia.pl
interia.pl;connect.facebook.net
interia.pl;dsg.interia.pl
interia.pl;fonts.googleapis.com
interia.pl;google.pl
interia.pl;mis.nsaudience.pl
interia.pl;nt.interia.pl
interia.pl;film.interia.pl
interia.pl;nieruchomosci.interia.pl
interia.pl;adx.adform.net
interia.pl;stats.g.doubleclick.net
interia.pl;interiaao.hit.gemius.pl
interia.pl;cdnjs.cloudflare.com
interia.pl;w.iplsc.com
interia.pl;biznes.interia.pl
interia.pl;csm.nl.eu.criteo.net
interia.pl;track.adform.net
interia.pl;hub.com.pl
interia.pl;prg.smartadserver.com
interia.pl;smartadserver.com
interia.pl;ad.doubleclick.net
interia.pl;sb.scorecardresearch.com
interia.pl;google.com
interia.pl;a.hub.com.pl
interia.pl;interia.api.dmp.nsaudience.pl
interia.pl;iwa.hit.interia.pl
interia.pl;encrypted-tbn1.gstatic.com
interia.pl;t.teads.tv
interia.pl;iwa.iplsc.com
interia.pl;adservice.google.pl
interia.pl;j.hub.com.pl
interia.pl;pagead2.googlesyndication.com
interia.pl;facebook.com
interia.pl;gem.gbc.criteo.com
interia.pl;googleads4.g.doubleclick.net
interia.pl;google-analytics.com
interia.pl;sync.teads.tv
interia.pl;f.iplsc.com
interia.pl;encrypted-tbn3.gstatic.com
interia.pl;img.tradedoubler.com
interia.pl;static.nieruchomosci.interia.pl
interia.pl;imppl.tradedoubler.com
interia.pl;ib.adnxs.com
interia.pl;securepubads.g.doubleclick.net
interia.pl;fonts.gstatic.com
interia.pl;gde-default.hit.gemius.pl
interia.pl;googleads.g.doubleclick.net
interia.pl;static.criteo.net
interia.pl;encrypted-tbn0.gstatic.com
interia.pl;prd-dib-logger-service.vda.netsprint.pl
interia.pl;ag.gbc.criteo.com
interia.pl;cdn.ampproject.org
interia.pl;ls.hit.gemius.pl
interia.pl;prywatnosc.interia.pl
interia.pl;a.teads.tv
interia.pl;l.iplsc.com
interia.pl;interia.hit.gemius.pl
librus.pl;ssl.google-analytics.com
librus.pl;syndication.twitter.com
librus.pl;cdn.syndication.twimg.com
librus.pl;platform.twitter.com
librus.pl;pbs.twimg.com
mbank.pl;ghmpl.hit.gemius.pl
medonet.pl;securepubads.g.doubleclick.net
medonet.pl;googletagservices.com
medonet.pl;cmp.dreamlab.pl
medonet.pl;stats.g.doubleclick.net
medonet.pl;lib.onet.pl
medonet.pl;adservice.google.pl
medonet.pl;adservice.google.com
medonet.pl;token.rubiconproject.com
medonet.pl;onet.hit.gemius.pl
medonet.pl;profiles.tagger.opecloud.com
medonet.pl;sgqcvfjvr.onet.pl
medonet.pl;googletagmanager.com
medonet.pl;cm.g.doubleclick.net
medonet.pl;google-analytics.com
medonet.pl;csr.onet.pl
medonet.pl;ls.hit.gemius.pl
medonet.pl;tagger.opecloud.com
medonet.pl;google.com
medonet.pl;events.ocdn.eu
medonet.pl;cdn.brandmetrics.com
medonet.pl;ocdn.eu
medonet.pl;gstatic.com
medonet.pl;google.pl
medonet.pl;collector.brandmetrics.com
microsoft.com;logincdn.msauth.net
microsoft.com;mem.gfx.ms
microsoft.com;c.s-microsoft.com
microsoft.com;img-prod-cms-rt-microsoft-com.akamaized.net
money.pl;securepubads.g.doubleclick.net
money.pl;money.wp.pl
money.pl;cdnt10.wp.pl
money.pl;cdnt6.wp.pl
money.pl;v.wpimg.pl
money.pl;cdnt5.wp.pl
money.pl;cdnt3.wp.pl
money.pl;pixel6.wp.pl
money.pl;adservice.google.pl
money.pl;wp.pl
money.pl;cdnt2.wp.pl
money.pl;pagead2.googlesyndication.com
money.pl;adservice.google.com
money.pl;tpc.googlesyndication.com
money.pl;ad.doubleclick.net
money.pl;s-eu-1.pushpushgo.com
money.pl;cdnt4.wp.pl
money.pl;direct.money.pl
money.pl;cdnt7.wp.pl
money.pl;cdnt8.wp.pl
money.pl;ads.businessclick.com
money.pl;cdnt1.wp.pl
money.pl;fonts.wpcdn.pl
money.pl;cdnt9.wp.pl
netflix.com;assets.nflxext.com
netflix.com;codex.nflxext.com
o2.pl;cdnt6.wp.pl
o2.pl;cdnt5.wp.pl
o2.pl;cdnt3.wp.pl
o2.pl;pixel6.wp.pl
o2.pl;wp.pl
o2.pl;connect.facebook.net
o2.pl;cdnt9.wp.pl
o2.pl;cdnt10.wp.pl
o2.pl;v.wpimg.pl
o2.pl;pogoda.wpcdn.pl
o2.pl;cdnt2.wp.pl
o2.pl;s-eu-1.pushpushgo.com
o2.pl;cdnt4.wp.pl
o2.pl;cdnt7.wp.pl
o2.pl;cdnt8.wp.pl
o2.pl;cdnt1.wp.pl
o2.pl;fonts.wpcdn.pl
office.com;blobs.officehome.msocdn.com
olx.pl;googletagservices.com
olx.pl;dnacdn.net
olx.pl;ninja.data.olxcdn.com
olx.pl;baxter-cdn.production.olxssa.com
olx.pl;vc.hotjar.io
olx.pl;gum.criteo.com
olx.pl;adservice.google.com
olx.pl;tpc.googlesyndication.com
olx.pl;s0.2mdn.net
olx.pl;code.createjs.com
olx.pl;script.hotjar.com
olx.pl;connect.facebook.net
olx.pl;google.pl
olx.pl;ireland.apollo.olxcdn.com
olx.pl;adx.adform.net
olx.pl;sdk.privacy-center.org
olx.pl;stats.g.doubleclick.net
olx.pl;ad.doubleclick.net
olx.pl;google.com
olx.pl;googletagmanager.com
olx.pl;errors.client.optimizely.com
olx.pl;olx.hit.gemius.pl
olx.pl;adservice.google.pl
olx.pl;pagead2.googlesyndication.com
olx.pl;facebook.com
olx.pl;gem.gbc.criteo.com
olx.pl;google-analytics.com
olx.pl;static.hotjar.com
olx.pl;static-olxeu.akamaized.net
olx.pl;securepubads.g.doubleclick.net
olx.pl;laquesis.data.olxcdn.com
olx.pl;pubads.g.doubleclick.net
olx.pl;logx.optimizely.com
olx.pl;googleads.g.doubleclick.net
olx.pl;static.criteo.net
olx.pl;cdn.optimizely.com
olx.pl;ag.gbc.criteo.com
olx.pl;ls.hit.gemius.pl
olx.pl;tracking.olx-st.com
olx.pl;vars.hotjar.com
olx.pl;img01-olxpl.akamaized.net
onet.pl;googletagservices.com
onet.pl;i.ytimg.com
onet.pl;authorisation.grupaonet.pl
onet.pl;lib.onet.pl
onet.pl;adservice.google.pl
onet.pl;adservice.google.com
onet.pl;onet.hit.gemius.pl
onet.pl;google-analytics.com
onet.pl;google.pl
onet.pl;youtube.com
onet.pl;securepubads.g.doubleclick.net
onet.pl;fonts.gstatic.com
onet.pl;cmp.dreamlab.pl
onet.pl;stats.g.doubleclick.net
onet.pl;pulsembed.eu
onet.pl;googleads.g.doubleclick.net
onet.pl;static.doubleclick.net
onet.pl;sgqcvfjvr.onet.pl
onet.pl;csr.onet.pl
onet.pl;ls.hit.gemius.pl
onet.pl;yt3.ggpht.com
onet.pl;google.com
onet.pl;events.ocdn.eu
onet.pl;cdn.brandmetrics.com
onet.pl;ocdn.eu
onet.pl;googletagmanager.com
onet.pl;s.ytimg.com
onet.pl;collector.brandmetrics.com
reddit.com;googletagservices.com
reddit.com;styles.redditmedia.com
reddit.com;preview.redd.it
reddit.com;c.amazon-adsystem.com
reddit.com;external-preview.redd.it
reddit.com;c.aaxads.com
reddit.com;redditstatic.com
reddit.com;b.thumbs.redditmedia.com
tvp.pl;googletagservices.com
tvp.pl;s4.tvp.pl
tvp.pl;secure-assets.rubiconproject.com
tvp.pl;video-frx5-1.xx.fbcdn.net
tvp.pl;dmx.districtm.io
tvp.pl;s8.tvp.pl
tvp.pl;tvpkultura.tvp.pl
tvp.pl;bid.contextweb.com
tvp.pl;prebid-eu.creativecdn.com
tvp.pl;scontent-frx5-1.xx.fbcdn.net
tvp.pl;sport.tvp.pl
tvp.pl;adservice.google.com
tvp.pl;s2.tvp.pl
tvp.pl;token.rubiconproject.com
tvp.pl;script.tvp.pl
tvp.pl;klatki.tvp.pl
tvp.pl;bh.contextweb.com
tvp.pl;tpc.googlesyndication.com
tvp.pl;s0.2mdn.net
tvp.pl;c.amazon-adsystem.com
tvp.pl;pm.w55c.net
tvp.pl;cms.quantserve.com
tvp.pl;connect.facebook.net
tvp.pl;pixel.rubiconproject.com
tvp.pl;lv.adocean.pl
tvp.pl;fonts.googleapis.com
tvp.pl;google.pl
tvp.pl;match.adsby.bidtheatre.com
tvp.pl;vod.tvp.pl
tvp.pl;adx.adform.net
tvp.pl;ad.atdmt.com
tvp.pl;scontent.xx.fbcdn.net
tvp.pl;sklep.tvp.pl
tvp.pl;stats.g.doubleclick.net
tvp.pl;video-frt3-1.xx.fbcdn.net
tvp.pl;ads.yahoo.com
tvp.pl;style.tvp.pl
tvp.pl;sync-tm.everesttech.net
tvp.pl;hbopenbid.pubmatic.com
tvp.pl;s7.tvp.pl
tvp.pl;cs.media.net
tvp.pl;video-frt3-2.xx.fbcdn.net
tvp.pl;cmpl.hit.gemius.pl
tvp.pl;s3.tvp.pl
tvp.pl;dsum-sec.casalemedia.com
tvp.pl;cm.g.doubleclick.net
tvp.pl;x.bidswitch.net
tvp.pl;external-frt3-2.xx.fbcdn.net
tvp.pl;scontent-frt3-1.xx.fbcdn.net
tvp.pl;platform.instagram.com
tvp.pl;google.com
tvp.pl;sync.mathtag.com
tvp.pl;googletagmanager.com
tvp.pl;s1.tvp.pl
tvp.pl;plog.tvp.pl
tvp.pl;instagram.com
tvp.pl;cm.smadex.com
tvp.pl;syndication.twitter.com
tvp.pl;ads.programattik.com
tvp.pl;s10.tvp.pl
tvp.pl;as-sec.casalemedia.com
tvp.pl;adservice.google.pl
tvp.pl;eus.rubiconproject.com
tvp.pl;green.erne.co
tvp.pl;pagead2.googlesyndication.com
tvp.pl;pixel-sync.sitescout.com
tvp.pl;facebook.com
tvp.pl;us-u.openx.net
tvp.pl;googleads4.g.doubleclick.net
tvp.pl;c.eu1.dyntrk.com
tvp.pl;ice.360yield.com
tvp.pl;pro.hit.gemius.pl
tvp.pl;google-analytics.com
tvp.pl;pixel.onaudience.com
tvp.pl;platform.twitter.com
tvp.pl;ad.turn.com
tvp.pl;polityka-prywatnosci.tvp.pl
tvp.pl;sync.crwdcntrl.net
tvp.pl;sync.clickonometrics.pl
tvp.pl;sync.teads.tv
tvp.pl;cookiex.ngd.yahoo.com
tvp.pl;unpkg.com
tvp.pl;node.setupad.com
tvp.pl;csi.gstatic.com
tvp.pl;tracking.m6r.eu
tvp.pl;ajax.googleapis.com
tvp.pl;s5.tvp.pl
tvp.pl;s9.tvp.pl
tvp.pl;ib.adnxs.com
tvp.pl;4711646.fls.doubleclick.net
tvp.pl;ps.eyeota.net
tvp.pl;s.tvp.pl
tvp.pl;hello.myfonts.net
tvp.pl;px.adhigh.net
tvp.pl;gcm.ctnsnet.com
tvp.pl;securepubads.g.doubleclick.net
tvp.pl;fonts.gstatic.com
tvp.pl;id.sharedid.org
tvp.pl;tvpgapl.hit.gemius.pl
tvp.pl;fastlane.rubiconproject.com
tvp.pl;imasdk.googleapis.com
tvp.pl;sync.1rx.io
tvp.pl;cdn.polyfill.io
tvp.pl;adlv.hit.gemius.pl
tvp.pl;googleads.g.doubleclick.net
tvp.pl;id.rlcdn.com
tvp.pl;c1.adform.net
tvp.pl;s6.tvp.pl
tvp.pl;match.adsrvr.org
tvp.pl;adocean-pl.hit.gemius.pl
tvp.pl;r.turn.com
tvp.pl;cdn.ampproject.org
tvp.pl;myao.adocean.pl
tvp.pl;ls.hit.gemius.pl
tvp.pl;pr-bh.ybp.yahoo.com
tvp.pl;aax-eu.amazon-adsystem.com
tvp.pl;ap.lijit.com
tvp.pl;gstatic.com
tvp.pl;pixel-eu.rubiconproject.com
twitch.tv;googletagservices.com
twitch.tv;app.link
twitch.tv;static.twitchcdn.net
twitch.tv;countess.twitch.tv
twitch.tv;client-event-reporter.twitch.tv
twitch.tv;adservice.google.pl
twitch.tv;d2v02itv0y9u9t.cloudfront.net
twitch.tv;adservice.google.com
twitch.tv;facebook.com
twitch.tv;cdn-gl.imrworldwide.com
twitch.tv;ssl.google-analytics.com
twitch.tv;93sysb4vusgpqqmgbjdrenlo5t5fw1589223818.nuid.imrworldwide.com
twitch.tv;c.amazon-adsystem.com
twitch.tv;s.amazon-adsystem.com
twitch.tv;pubsub-edge.twitch.tv
twitch.tv;video-weaver.waw01.hls.ttvnw.net
twitch.tv;usher.ttvnw.net
twitch.tv;securepubads.g.doubleclick.net
twitch.tv;polyfill.twitchsvc.net
twitch.tv;static-cdn.jtvnw.net
twitch.tv;api2.branch.io
twitch.tv;cdn.branch.io
twitch.tv;video-edge-e70d9b.pdx01.abs.hls.ttvnw.net
twitch.tv;api.twitch.tv
twitch.tv;sb.scorecardresearch.com
twitch.tv;gql.twitch.tv
twitch.tv;irc-ws.chat.twitch.tv
twitch.tv;gstatic.com
wiocha.pl;bbcdn-tag.ibillboard.com
wiocha.pl;googletagservices.com
wiocha.pl;secure-assets.rubiconproject.com
wiocha.pl;bidder.criteo.com
wiocha.pl;dmx.districtm.io
wiocha.pl;bid.contextweb.com
wiocha.pl;gum.criteo.com
wiocha.pl;adservice.google.com
wiocha.pl;c.amazon-adsystem.com
wiocha.pl;connect.facebook.net
wiocha.pl;fonts.googleapis.com
wiocha.pl;lv.adocean.pl
wiocha.pl;pixel.rubiconproject.com
wiocha.pl;stats.g.doubleclick.net
wiocha.pl;s1.adform.net
wiocha.pl;sync-tm.everesttech.net
wiocha.pl;hbopenbid.pubmatic.com
wiocha.pl;mov.wiocha.pl
wiocha.pl;cm.g.doubleclick.net
wiocha.pl;x.bidswitch.net
wiocha.pl;k.vidmatic.tv
wiocha.pl;vid.pubmatic.com
wiocha.pl;google.com
wiocha.pl;pagead2.googlesyndication.com
wiocha.pl;facebook.com
wiocha.pl;gem.gbc.criteo.com
wiocha.pl;google-analytics.com
wiocha.pl;pixel.onaudience.com
wiocha.pl;cookiex.ngd.yahoo.com
wiocha.pl;image6.pubmatic.com
wiocha.pl;ib.adnxs.com
wiocha.pl;px.adhigh.net
wiocha.pl;pubads.g.doubleclick.net
wiocha.pl;certify.alexametrics.com
wiocha.pl;sync.1rx.io
wiocha.pl;imasdk.googleapis.com
wiocha.pl;image2.pubmatic.com
wiocha.pl;ag.gbc.criteo.com
wiocha.pl;dis.criteo.com
wiocha.pl;adocean-pl.hit.gemius.pl
wiocha.pl;wgrane.pl
wiocha.pl;myao.adocean.pl
wiocha.pl;vpaid.pubmatic.com
wiocha.pl;pr-bh.ybp.yahoo.com
wiocha.pl;ads.rubiconproject.com
wiocha.pl;dnacdn.net
wiocha.pl;prebid-eu.creativecdn.com
wiocha.pl;scontent-frx5-1.xx.fbcdn.net
wiocha.pl;token.rubiconproject.com
wiocha.pl;gpladpl.hit.gemius.pl
wiocha.pl;bh.contextweb.com
wiocha.pl;stars.pl
wiocha.pl;tpc.googlesyndication.com
wiocha.pl;s0.2mdn.net
wiocha.pl;s.update.rubiconproject.com
wiocha.pl;beacon-eu-ams3.rubiconproject.com
wiocha.pl;myao.hit.gemius.pl
wiocha.pl;bbcdn.go.cz.bbelements.com
wiocha.pl;ads.betweendigital.com
wiocha.pl;google.pl
wiocha.pl;bbcdn-bbnaut.ibillboard.com
wiocha.pl;img.wiocha.pl
wiocha.pl;d5p.de17a.com
wiocha.pl;adx.adform.net
wiocha.pl;gpl.adocean.pl
wiocha.pl;ads.yahoo.com
wiocha.pl;bbcdn.go.ibillboard.bbelements.com
wiocha.pl;go.eu.bbelements.com
wiocha.pl;prg.smartadserver.com
wiocha.pl;smartadserver.com
wiocha.pl;scontent-frt3-1.xx.fbcdn.net
wiocha.pl;sync.mathtag.com
wiocha.pl;googletagmanager.com
wiocha.pl;optimized-by.rubiconproject.com
wiocha.pl;aktrack.pubmatic.com
wiocha.pl;eus.rubiconproject.com
wiocha.pl;as-sec.casalemedia.com
wiocha.pl;adservice.google.pl
wiocha.pl;ced-ns.sascdn.com
wiocha.pl;d31qbv1cthcecs.cloudfront.net
wiocha.pl;ad.turn.com
wiocha.pl;cdn.onnetwork.tv
wiocha.pl;node.setupad.com
wiocha.pl;csi.gstatic.com
wiocha.pl;pixel.quantserve.com
wiocha.pl;fonts.gstatic.com
wiocha.pl;securepubads.g.doubleclick.net
wiocha.pl;id.sharedid.org
wiocha.pl;image4.pubmatic.com
wiocha.pl;simage2.pubmatic.com
wiocha.pl;adlv.hit.gemius.pl
wiocha.pl;a.spolecznosci.net
wiocha.pl;id.rlcdn.com
wiocha.pl;static.criteo.net
wiocha.pl;c1.adform.net
wiocha.pl;vast.vidmatic.tv
wiocha.pl;match.adsrvr.org
wiocha.pl;ads.pubmatic.com
wiocha.pl;aax-eu.amazon-adsystem.com
wiocha.pl;video-ads.rubiconproject.com
wiocha.pl;pixel-eu.rubiconproject.com
wp.pl;id5-sync.com
wp.pl;googletagservices.com
wp.pl;onas.wp.pl
wp.pl;i.wp.pl
wp.pl;rt.inistrack.net
wp.pl;cdnt6.wp.pl
wp.pl;cdnt5.wp.pl
wp.pl;cdnt3.wp.pl
wp.pl;tech.wp.pl
wp.pl;pixel6.wp.pl
wp.pl;adservice.google.pl
wp.pl;inwestor.wp.pl
wp.pl;pagead2.googlesyndication.com
wp.pl;facebook.com
wp.pl;adservice.google.com
wp.pl;wp.hit.gemius.pl
wp.pl;onas.wpcdn.pl
wp.pl;script.hotjar.com
wp.pl;connect.facebook.net
wp.pl;static.hotjar.com
wp.pl;cdnt9.wp.pl
wp.pl;std.wpcdn.pl
wp.pl;dmp.adform.net
wp.pl;ib.adnxs.com
wp.pl;a.wpimg.pl
wp.pl;securepubads.g.doubleclick.net
wp.pl;cdnt10.wp.pl
wp.pl;v.wpimg.pl
wp.pl;pogoda.wpcdn.pl
wp.pl;gde-default.hit.gemius.pl
wp.pl;cdnjs.cloudflare.com
wp.pl;cdnt2.wp.pl
wp.pl;dot.wp.pl
wp.pl;static.criteo.net
wp.pl;s-eu-1.pushpushgo.com
wp.pl;cdnt4.wp.pl
wp.pl;ls.hit.gemius.pl
wp.pl;telewizja.wp.pl
wp.pl;cdnt7.wp.pl
wp.pl;cdnt8.wp.pl
wp.pl;cdnt1.wp.pl
wp.pl;fonts.wpcdn.pl
wp.pl;vars.hotjar.com
wykop.pl;emisja.contentstream.pl
wykop.pl;secure.adnxs.com
wykop.pl;googletagservices.com
wykop.pl;vpaid.springserve.com
wykop.pl;bidder.criteo.com
wykop.pl;dnacdn.net
wykop.pl;arbo.hit.gemius.pl
wykop.pl;cdn.jsdelivr.net
wykop.pl;match.prod.bidr.io
wykop.pl;prebid-eu.creativecdn.com
wykop.pl;gum.criteo.com
wykop.pl;adservice.google.com
wykop.pl;tpc.googlesyndication.com
wykop.pl;s0.2mdn.net
wykop.pl;prd-header-biding.vda.netsprint.pl
wykop.pl;vid.springserve.com
wykop.pl;google.pl
wykop.pl;d5p.de17a.com
wykop.pl;adx.adform.net
wykop.pl;stats.g.doubleclick.net
wykop.pl;delivery.adrecover.com
wykop.pl;s1.adform.net
wykop.pl;track.adform.net
wykop.pl;statsforads.com
wykop.pl;farm-pl.plista.com
wykop.pl;cm.g.doubleclick.net
wykop.pl;prg.smartadserver.com
wykop.pl;x.bidswitch.net
wykop.pl;smartadserver.com
wykop.pl;sda.contentstream.pl
wykop.pl;ad.doubleclick.net
wykop.pl;vid.pubmatic.com
wykop.pl;sync.mathtag.com
wykop.pl;google.com
wykop.pl;serving.stat-rock.com
wykop.pl;media.plista.com
wykop.pl;googletagmanager.com
wykop.pl;aktrack.pubmatic.com
wykop.pl;optimized-by.rubiconproject.com
wykop.pl;as-sec.casalemedia.com
wykop.pl;adservice.google.pl
wykop.pl;cdn.adnxs.com
wykop.pl;pagead2.googlesyndication.com
wykop.pl;gem.gbc.criteo.com
wykop.pl;ad.turn.com
wykop.pl;google-analytics.com
wykop.pl;pixel.onaudience.com
wykop.pl;ams1-ib.adnxs.com
wykop.pl;image6.pubmatic.com
wykop.pl;pixel.quantserve.com
wykop.pl;static-pl.plista.com
wykop.pl;ps.eyeota.net
wykop.pl;ib.adnxs.com
wykop.pl;securepubads.g.doubleclick.net
wykop.pl;get.optad360.io
wykop.pl;fastlane.rubiconproject.com
wykop.pl;image4.pubmatic.com
wykop.pl;simage2.pubmatic.com
wykop.pl;vid-io-dub.springserve.com
wykop.pl;image2.pubmatic.com
wykop.pl;c1.adform.net
wykop.pl;static.criteo.net
wykop.pl;prd-dib-logger-service.vda.netsprint.pl
wykop.pl;dis.criteo.com
wykop.pl;match.adsrvr.org
wykop.pl;ag.gbc.criteo.com
wykop.pl;cdn.ampproject.org
wykop.pl;ads.pubmatic.com
wykop.pl;vpaid.pubmatic.com
wykop.pl;pr-bh.ybp.yahoo.com
wykop.pl;video-ads.rubiconproject.com
wykop.pl;gstatic.com
yahoo.com;video.adaptv.advertising.com
youtube.com;fonts.gstatic.com
youtube.com;i.ytimg.com
youtube.com;google.com
youtube.com;fonts.googleapis.com
youtube.com;googleads.g.doubleclick.net
youtube.com;google.pl
youtube.com;s.ytimg.com
wyborcza.pl;bi.im-g.pl
wyborcza.pl;googletagservices.com
wyborcza.pl;apis.google.com
wyborcza.pl;ping.chartbeat.net
wyborcza.pl;cdn.jsdelivr.net
wyborcza.pl;chtbl.com
wyborcza.pl;adservice.google.pl
wyborcza.pl;ad-delivery.net
wyborcza.pl;access.wyborcza.pl
wyborcza.pl;adservice.google.com
wyborcza.pl;facebook.com
wyborcza.pl;pagead2.googlesyndication.com
wyborcza.pl;googleads4.g.doubleclick.net
wyborcza.pl;tpc.googlesyndication.com
wyborcza.pl;biv.gazeta.pl
wyborcza.pl;squid.gazeta.pl
wyborcza.pl;google-analytics.com
wyborcza.pl;analytics.google.com
wyborcza.pl;googleadservices.com
wyborcza.pl;cdn.snippet.abtshield.com
wyborcza.pl;encrypted-tbn2.gstatic.com
wyborcza.pl;d1.abtshield.com
wyborcza.pl;ade.googlesyndication.com
wyborcza.pl;connect.facebook.net
wyborcza.pl;encrypted-tbn3.gstatic.com
wyborcza.pl;vendorlist.consensu.org
wyborcza.pl;fonts.googleapis.com
wyborcza.pl;dmp.adform.net
wyborcza.pl;cx.atdmt.com
wyborcza.pl;google.pl
wyborcza.pl;securepubads.g.doubleclick.net
wyborcza.pl;fonts.gstatic.com
wyborcza.pl;storage.tuba.fm
wyborcza.pl;liquid.agora.pl
wyborcza.pl;pubads.g.doubleclick.net
wyborcza.pl;prebid.digitru.st
wyborcza.pl;static.chartbeat.com
wyborcza.pl;stats.g.doubleclick.net
wyborcza.pl;mrb.upapi.net
wyborcza.pl;r1---sn-4g5e6nsk.c.2mdn.net
wyborcza.pl;imasdk.googleapis.com
wyborcza.pl;backend.upapi.net
wyborcza.pl;googleads.g.doubleclick.net
wyborcza.pl;encrypted-tbn0.gstatic.com
wyborcza.pl;static.im-g.pl
wyborcza.pl;cm.g.doubleclick.net
wyborcza.pl;mab.chartbeat.com
wyborcza.pl;ad.doubleclick.net
wyborcza.pl;cdn.ampproject.org
wyborcza.pl;gcdn.2mdn.net
wyborcza.pl;login.wyborcza.pl
wyborcza.pl;ls.hit.gemius.pl
wyborcza.pl;static.gazeta.pl
wyborcza.pl;middleware.wyborcza.pl
wyborcza.pl;bid.g.doubleclick.net
wyborcza.pl;google.com
wyborcza.pl;gazeta.hit.gemius.pl
wyborcza.pl;googletagmanager.com
wyborcza.pl;rodo.agora.pl
wikipedia.org;upload.wikimedia.org
wikipedia.org;ru.wikipedia.org
wikipedia.org;meta.wikimedia.org
wikipedia.org;zh.wikipedia.org
wikipedia.org;login.wikimedia.org
wikipedia.org;fr.wikipedia.org
wikipedia.org;ja.wikipedia.org
wikipedia.org;en.wikipedia.org
kwejk.pl;secure.adnxs.com
kwejk.pl;googletagservices.com
kwejk.pl;yieldlove-d.openx.net
kwejk.pl;dmx.districtm.io
kwejk.pl;cdn.jsdelivr.net
kwejk.pl;adservice.google.com
kwejk.pl;token.rubiconproject.com
kwejk.pl;tpc.googlesyndication.com
kwejk.pl;s0.2mdn.net
kwejk.pl;c.amazon-adsystem.com
kwejk.pl;encrypted-tbn2.gstatic.com
kwejk.pl;script.hotjar.com
kwejk.pl;connect.facebook.net
kwejk.pl;pixel.rubiconproject.com
kwejk.pl;fonts.googleapis.com
kwejk.pl;google.pl
kwejk.pl;static-a.pushpushgo.com
kwejk.pl;spolecznosci.mgr.consensu.org
kwejk.pl;match.adsby.bidtheatre.com
kwejk.pl;adx.adform.net
kwejk.pl;stats.g.doubleclick.net
kwejk.pl;ads.yahoo.com
kwejk.pl;sync-tm.everesttech.net
kwejk.pl;mc.yandex.ru
kwejk.pl;sync.bumlam.com
kwejk.pl;i1.kwejk.pl
kwejk.pl;cm.g.doubleclick.net
kwejk.pl;prg.smartadserver.com
kwejk.pl;acdn.adnxs.com
kwejk.pl;x.bidswitch.net
kwejk.pl;google.com
kwejk.pl;sync.mathtag.com
kwejk.pl;maps.googleapis.com
kwejk.pl;cdn.rawgit.com
kwejk.pl;rtb.mfadsrvr.com
kwejk.pl;googletagmanager.com
kwejk.pl;s.ytimg.com
kwejk.pl;ssbsync.smartadserver.com
kwejk.pl;cm.smadex.com
kwejk.pl;encrypted-tbn1.gstatic.com
kwejk.pl;sync3.sniperlog.ru
kwejk.pl;eus.rubiconproject.com
kwejk.pl;adservice.google.pl
kwejk.pl;gapl.hit.gemius.pl
kwejk.pl;pagead2.googlesyndication.com
kwejk.pl;facebook.com
kwejk.pl;us-u.openx.net
kwejk.pl;googleads4.g.doubleclick.net
kwejk.pl;ad.turn.com
kwejk.pl;google-analytics.com
kwejk.pl;u.openx.net
kwejk.pl;cookiex.ngd.yahoo.com
kwejk.pl;encrypted-tbn3.gstatic.com
kwejk.pl;vendorlist.consensu.org
kwejk.pl;static.hotjar.com
kwejk.pl;cdn-a.yieldlove.com
kwejk.pl;youtube.com
kwejk.pl;ib.adnxs.com
kwejk.pl;securepubads.g.doubleclick.net
kwejk.pl;id.sharedid.org
kwejk.pl;get.optad360.io
kwejk.pl;eu-u.openx.net
kwejk.pl;fastlane.rubiconproject.com
kwejk.pl;googleads.g.doubleclick.net
kwejk.pl;a.spolecznosci.net
kwejk.pl;id.rlcdn.com
kwejk.pl;encrypted-tbn0.gstatic.com
kwejk.pl;match.adsrvr.org
kwejk.pl;r.turn.com
kwejk.pl;cdn.ampproject.org
kwejk.pl;s-eu-1.pushpushgo.com
kwejk.pl;ls.hit.gemius.pl
kwejk.pl;pr-bh.ybp.yahoo.com
kwejk.pl;cdn.districtm.io
kwejk.pl;vars.hotjar.com
kwejk.pl;gstatic.com
facebook.pl;static.xx.fbcdn.net
facebook.pl;facebook.com
facebook.pl;pl-pl.facebook.com
otomoto.pl;googletagservices.com
otomoto.pl;dnacdn.net
otomoto.pl;creativecdn.com
otomoto.pl;ninja.data.olxcdn.com
otomoto.pl;gum.criteo.com
otomoto.pl;sync.search.spotxchange.com
otomoto.pl;otomotopl-statics.akamaized.net
otomoto.pl;adservice.google.com
otomoto.pl;google2waycm.netmng.com
otomoto.pl;bam.nr-data.net
otomoto.pl;tpc.googlesyndication.com
otomoto.pl;s0.2mdn.net
otomoto.pl;cm.adform.net
otomoto.pl;pm.w55c.net
otomoto.pl;cms.quantserve.com
otomoto.pl;pixel.rubiconproject.com
otomoto.pl;fonts.googleapis.com
otomoto.pl;google.pl
otomoto.pl;adx.adform.net
otomoto.pl;sslwidget.criteo.com
otomoto.pl;stats.g.doubleclick.net
otomoto.pl;ads.yahoo.com
otomoto.pl;s1.adform.net
otomoto.pl;ssum-sec.casalemedia.com
otomoto.pl;rtb.openx.net
otomoto.pl;sync-tm.everesttech.net
otomoto.pl;dsum-sec.casalemedia.com
otomoto.pl;js-agent.newrelic.com
otomoto.pl;cm.g.doubleclick.net
otomoto.pl;ams.creativecdn.com
otomoto.pl;google.com
otomoto.pl;googletagmanager.com
otomoto.pl;secure-ds.serving-sys.com
otomoto.pl;ssbsync.smartadserver.com
otomoto.pl;cotads.adscale.de
otomoto.pl;olx.hit.gemius.pl
otomoto.pl;ih.adscale.de
otomoto.pl;csm.fr.eu.criteo.net
otomoto.pl;adservice.google.pl
otomoto.pl;pagead2.googlesyndication.com
otomoto.pl;pixel-sync.sitescout.com
otomoto.pl;facebook.com
otomoto.pl;us-u.openx.net
otomoto.pl;gem.gbc.criteo.com
otomoto.pl;googleads4.g.doubleclick.net
otomoto.pl;ad.turn.com
otomoto.pl;google-analytics.com
otomoto.pl;sync.teads.tv
otomoto.pl;image6.pubmatic.com
otomoto.pl;ajax.googleapis.com
otomoto.pl;ib.adnxs.com
otomoto.pl;bs.serving-sys.com
otomoto.pl;securepubads.g.doubleclick.net
otomoto.pl;fonts.gstatic.com
otomoto.pl;trc.taboola.com
otomoto.pl;cm.creativecdn.com
otomoto.pl;googleads.g.doubleclick.net
otomoto.pl;c1.adform.net
otomoto.pl;static.criteo.net
otomoto.pl;apollo-ireland.akamaized.net
otomoto.pl;ag.gbc.criteo.com
otomoto.pl;r.turn.com
otomoto.pl;cdn.ampproject.org
otomoto.pl;ls.hit.gemius.pl
otomoto.pl;tracking.olx-st.com
otomoto.pl;eb2.3lift.com
otomoto.pl;ap.lijit.com
otomoto.pl;gstatic.com
ceneo.pl;tpc.googlesyndication.com
ceneo.pl;securepubads.g.doubleclick.net
ceneo.pl;google-analytics.com
ceneo.pl;cdn.ampproject.org
ceneo.pl;image.ceneostatic.pl
ceneo.pl;stats.g.doubleclick.net
ceneo.pl;google.com
ceneo.pl;adservice.google.pl
ceneo.pl;az416426.vo.msecnd.net
ceneo.pl;pagead2.googlesyndication.com
ceneo.pl;adservice.google.com
ceneo.pl;googletagmanager.com
ceneo.pl;google.pl
ceneo.pl;image2.ceneostatic.pl
gumtree.pl;secure.adnxs.com
gumtree.pl;csync.loopme.me
gumtree.pl;googletagservices.com
gumtree.pl;match.taboola.com
gumtree.pl;secure-assets.rubiconproject.com
gumtree.pl;bidder.criteo.com
gumtree.pl;creativecdn.com
gumtree.pl;securet9.classistatic.com
gumtree.pl;bid.contextweb.com
gumtree.pl;gum.criteo.com
gumtree.pl;um.simpli.fi
gumtree.pl;adservice.google.com
gumtree.pl;cdn.adtrue.com
gumtree.pl;rtb.gumgum.com
gumtree.pl;test.tr.gcp.blis.com
gumtree.pl;pm.w55c.net
gumtree.pl;encrypted-tbn2.gstatic.com
gumtree.pl;cms.quantserve.com
gumtree.pl;pixel.rubiconproject.com
gumtree.pl;fonts.googleapis.com
gumtree.pl;openx2-match.dotomi.com
gumtree.pl;cookie.brealtime.com
gumtree.pl;match.adsby.bidtheatre.com
gumtree.pl;stats.g.doubleclick.net
gumtree.pl;s1.adform.net
gumtree.pl;pubmatic-match.dotomi.com
gumtree.pl;rtb.openx.net
gumtree.pl;sync-tm.everesttech.net
gumtree.pl;hbopenbid.pubmatic.com
gumtree.pl;csm.nl.eu.criteo.net
gumtree.pl;projectagora.net
gumtree.pl;euwest-match.deepintent.com
gumtree.pl;cm.g.doubleclick.net
gumtree.pl;sync.widespace.com
gumtree.pl;acdn.adnxs.com
gumtree.pl;ams.creativecdn.com
gumtree.pl;adpone-d.openx.net
gumtree.pl;x.bidswitch.net
gumtree.pl;ad.doubleclick.net
gumtree.pl;exchange.adtrue.com
gumtree.pl;google.com
gumtree.pl;maps.googleapis.com
gumtree.pl;pixel.tapad.com
gumtree.pl;dsp.adfarm1.adition.com
gumtree.pl;pixfuture2-d.openx.net
gumtree.pl;match.justpremium.com
gumtree.pl;match.rundsp.com
gumtree.pl;green.erne.co
gumtree.pl;pool.admedo.com
gumtree.pl;pagead2.googlesyndication.com
gumtree.pl;pixel-sync.sitescout.com
gumtree.pl;facebook.com
gumtree.pl;simage4.pubmatic.com
gumtree.pl;data.adsrvr.org
gumtree.pl;served-by.pixfuture.com
gumtree.pl;gem.gbc.criteo.com
gumtree.pl;crcdn01.adnxs.com
gumtree.pl;google-analytics.com
gumtree.pl;pixel.onaudience.com
gumtree.pl;gu.dyntrk.com
gumtree.pl;colpirio.ibillboard.com
gumtree.pl;ec-ns.sascdn.com
gumtree.pl;img.classistatic.com
gumtree.pl;cookiex.ngd.yahoo.com
gumtree.pl;encrypted-tbn3.gstatic.com
gumtree.pl;i.ebayimg.com
gumtree.pl;tr.blismedia.com
gumtree.pl;image6.pubmatic.com
gumtree.pl;ads.projectagoraservices.com
gumtree.pl;p.rfihub.com
gumtree.pl;ib.adnxs.com
gumtree.pl;csync.smartadserver.com
gumtree.pl;px.adhigh.net
gumtree.pl;eu-u.openx.net
gumtree.pl;pixel-us-east.rubiconproject.com
gumtree.pl;certify.alexametrics.com
gumtree.pl;fastlane.rubiconproject.com
gumtree.pl;sync.1rx.io
gumtree.pl;gslbeacon.lijit.com
gumtree.pl;pixel-a.sitescout.com
gumtree.pl;sshowads.pubmatic.com
gumtree.pl;aorta.clickagy.com
gumtree.pl;image2.pubmatic.com
gumtree.pl;match.zorosrv.com
gumtree.pl;encrypted-tbn0.gstatic.com
gumtree.pl;tg.socdm.com
gumtree.pl;cdn.optimizely.com
gumtree.pl;dis.criteo.com
gumtree.pl;ag.gbc.criteo.com
gumtree.pl;cdn.ampproject.org
gumtree.pl;pr-bh.ybp.yahoo.com
gumtree.pl;bid.g.doubleclick.net
gumtree.pl;ads.rubiconproject.com
gumtree.pl;ap.lijit.com
gumtree.pl;gstatic.com
gumtree.pl;ce.lijit.com
gumtree.pl;sync.adaptv.advertising.com
gumtree.pl;dnacdn.net
gumtree.pl;acuityplatform.com
gumtree.pl;match.prod.bidr.io
gumtree.pl;hb.adpone.com
gumtree.pl;token.rubiconproject.com
gumtree.pl;bh.contextweb.com
gumtree.pl;tpc.googlesyndication.com
gumtree.pl;beacon-eu-ams3.rubiconproject.com
gumtree.pl;s0.2mdn.net
gumtree.pl;s.update.rubiconproject.com
gumtree.pl;dclk-match.dotomi.com
gumtree.pl;ad.yieldlab.net
gumtree.pl;d.turn.com
gumtree.pl;google.pl
gumtree.pl;rubicon-match.dotomi.com
gumtree.pl;d5p.de17a.com
gumtree.pl;adx.adform.net
gumtree.pl;i.w55c.net
gumtree.pl;ssum-sec.casalemedia.com
gumtree.pl;ads.yahoo.com
gumtree.pl;opx2waycm-atl.netmng.com
gumtree.pl;dsum-sec.casalemedia.com
gumtree.pl;pixel.advertising.com
gumtree.pl;rp.gwallet.com
gumtree.pl;prg.smartadserver.com
gumtree.pl;smartadserver.com
gumtree.pl;r.scoota.co
gumtree.pl;cdn.pixfuture.com
gumtree.pl;sync.mathtag.com
gumtree.pl;kazoostar.com
gumtree.pl;googletagmanager.com
gumtree.pl;optimized-by.rubiconproject.com
gumtree.pl;aktrack.pubmatic.com
gumtree.pl;ssbsync.smartadserver.com
gumtree.pl;errors.client.optimizely.com
gumtree.pl;prebid.mgid.com
gumtree.pl;e.serverbid.com
gumtree.pl;encrypted-tbn1.gstatic.com
gumtree.pl;eus.rubiconproject.com
gumtree.pl;adservice.google.pl
gumtree.pl;cti.w55c.net
gumtree.pl;sync.ipredictive.com
gumtree.pl;us-u.openx.net
gumtree.pl;googleads4.g.doubleclick.net
gumtree.pl;d31qbv1cthcecs.cloudfront.net
gumtree.pl;ad.turn.com
gumtree.pl;afs.googleusercontent.com
gumtree.pl;s.amazon-adsystem.com
gumtree.pl;ams1-ib.adnxs.com
gumtree.pl;sync.teads.tv
gumtree.pl;csi.gstatic.com
gumtree.pl;tracking.m6r.eu
gumtree.pl;pixel.quantserve.com
gumtree.pl;ced.sascdn.com
gumtree.pl;ps.eyeota.net
gumtree.pl;vap2ams1.lijit.com
gumtree.pl;securepubads.g.doubleclick.net
gumtree.pl;fonts.gstatic.com
gumtree.pl;trc.taboola.com
gumtree.pl;track.adtrue.com
gumtree.pl;a.tribalfusion.com
gumtree.pl;inv-nets.admixer.net
gumtree.pl;image4.pubmatic.com
gumtree.pl;simage2.pubmatic.com
gumtree.pl;googleads.g.doubleclick.net
gumtree.pl;px.owneriq.net
gumtree.pl;id.rlcdn.com
gumtree.pl;c1.adform.net
gumtree.pl;static.criteo.net
gumtree.pl;match.adsrvr.org
gumtree.pl;ads.pubmatic.com
gumtree.pl;sync.extend.tv
gumtree.pl;tags.bluekai.com
gumtree.pl;dmp.brand-display.com
gumtree.pl;eb2.3lift.com
gumtree.pl;j.mrpdata.net
gumtree.pl;who.int
gumtree.pl;aax-eu.amazon-adsystem.com
gumtree.pl;pixel-eu.rubiconproject.com
centrum24.pl;bwnaea-s33d52i13i0f0s22i4f1_pl.state.centrum24.pl
centrum24.pl;oitrce-s31d52i13i0f0s22i4f1_pl.state.centrum24.pl
centrum24.pl;tags.tiqcdn.com
centrum24.pl;rutpcd-s33d52i13i0f0s22i4f1_pl.state.centrum24.pl
centrum24.pl;google-analytics.com
centrum24.pl;googleadservices.com
centrum24.pl;stats.g.doubleclick.net
centrum24.pl;google.com
centrum24.pl;wxmlds-s33d52i13i0f0s22i4f1-170.state.centrum24.pl
centrum24.pl;ckkror-s22d52i13i0f0s22i4f1-73900.state.centrum24.pl
centrum24.pl;fonts.googleapis.com
centrum24.pl;googleads.g.doubleclick.net
centrum24.pl;google.pl
centrum24.pl;awxvwb-s33d52i13i0f0s22i4f1-97353.state.centrum24.pl
gov.pl;google-analytics.com
gov.pl;googletagmanager.com
twoje-miasto.pl;widgets.pinterest.com
twoje-miasto.pl;googletagservices.com
twoje-miasto.pl;encrypted-tbn1.gstatic.com
twoje-miasto.pl;adservice.google.pl
twoje-miasto.pl;graph.facebook.com
twoje-miasto.pl;pagead2.googlesyndication.com
twoje-miasto.pl;adservice.google.com
twoje-miasto.pl;googleads4.g.doubleclick.net
twoje-miasto.pl;tpc.googlesyndication.com
twoje-miasto.pl;s0.2mdn.net
twoje-miasto.pl;google-analytics.com
twoje-miasto.pl;s7.addthis.com
twoje-miasto.pl;encrypted-tbn2.gstatic.com
twoje-miasto.pl;m.addthis.com
twoje-miasto.pl;encrypted-tbn3.gstatic.com
twoje-miasto.pl;fonts.googleapis.com
twoje-miasto.pl;csi.gstatic.com
twoje-miasto.pl;google.pl
twoje-miasto.pl;ced.sascdn.com
twoje-miasto.pl;certify-js.alexametrics.com
twoje-miasto.pl;securepubads.g.doubleclick.net
twoje-miasto.pl;fonts.gstatic.com
twoje-miasto.pl;z.moatads.com
twoje-miasto.pl;cdn.twoje-miasto.pl
twoje-miasto.pl;adx.adform.net
twoje-miasto.pl;stats.g.doubleclick.net
twoje-miasto.pl;s1.adform.net
twoje-miasto.pl;certify.alexametrics.com
twoje-miasto.pl;v1.addthisedge.com
twoje-miasto.pl;googleads.g.doubleclick.net
twoje-miasto.pl;encrypted-tbn0.gstatic.com
twoje-miasto.pl;prg.smartadserver.com
twoje-miasto.pl;ad.doubleclick.net
twoje-miasto.pl;cdn.ampproject.org
twoje-miasto.pl;google.com
twoje-miasto.pl;st.twoje-miasto.pl
twoje-miasto.pl;googletagmanager.com
twoje-miasto.pl;gstatic.com
empik.com;4719629.fls.doubleclick.net
empik.com;udc-neb.kampyle.com
empik.com;ecsmedia.pl
empik.com;dnacdn.net
empik.com;nebula-cdn.kampyle.com
empik.com;sslwidget.criteo.com
empik.com;empik.emsecure.net
empik.com;cx.atdmt.com
empik.com;media.empik.com
empik.com;stats.g.doubleclick.net
empik.com;adservice.google.pl
empik.com;gum.criteo.com
empik.com;swrap.tradedoubler.com
empik.com;facebook.com
empik.com;adservice.google.com
empik.com;csm.nl.eu.criteo.net
empik.com;gem.gbc.criteo.com
empik.com;googleads.g.doubleclick.net
empik.com;static.criteo.net
empik.com;ag.gbc.criteo.com
empik.com;google-analytics.com
empik.com;analytics.google.com
empik.com;script.hotjar.com
empik.com;connect.facebook.net
empik.com;google.com
empik.com;maps.googleapis.com
empik.com;static.hotjar.com
empik.com;vars.hotjar.com
empik.com;googletagmanager.com
empik.com;google.pl
empik.com;gstatic.com
