Source;Target
allegro.pl;assets.allegrostatic.com
allegro.pl;www.googletagmanager.com
allegro.pl;a.allegroimg.com
allegro.pl;8.allegroimg.com
allegro.pl;0.allegroimg.com
allegro.pl;nebula-cdn.kampyle.com
allegro.pl;ngastatic.com
allegro.pl;www.google.com
allegro.pl;ngacm.com
allegro.pl;9779023.fls.doubleclick.net
allegro.pl;ams.creativecdn.com
allegro.pl;adservice.google.com
allegro.pl;adservice.google.pl
allegro.pl;edge.allegro.pl
allegro.pl;www.googletagservices.com
allegro.pl;googleads.g.doubleclick.net
allegro.pl;www.google.pl
allegro.pl;securepubads.g.doubleclick.net
allegro.pl;ls.hit.gemius.pl
allegro.pl;allegro.hit.gemius.pl
allegro.pl;connect.facebook.net
allegro.pl;www.google-analytics.com
allegro.pl;udc-neb.kampyle.com
allegro.pl;www.facebook.com
pl.bongacams.com;i.bcicdn.com
pl.bongacams.com;www.google.com
pl.bongacams.com;d31qbv1cthcecs.cloudfront.net
pl.bongacams.com;www.gstatic.com
pl.bongacams.com;www.google-analytics.com
pl.bongacams.com;certify.alexametrics.com
pl.bongacams.com;www.google.pl
tpc.googlesyndication.com;pagead2.googlesyndication.com
tvn24.pl;tvn.hit.gemius.pl
vk.com;connect.facebook.net
vk.com;top-fwz1.mail.ru
vk.com;www.tns-counter.ru
vk.com;www.facebook.com
www.cda.pl;scdn.cda.pl
www.cda.pl;static.cda.pl
www.cda.pl;adx.cda.pl
www.cda.pl;s1.adform.net
www.cda.pl;pagead2.googlesyndication.com
www.cda.pl;icdn.2cda.pl
www.cda.pl;idm.hit.gemius.pl
www.cda.pl;apis.google.com
www.cda.pl;pubs2-eu.creativecdn.com
www.cda.pl;static1.cda.pl
www.cda.pl;scdn.2cda.pl
www.cda.pl;ls.hit.gemius.pl
www.cda.pl;adservice.google.pl
www.cda.pl;fonts.googleapis.com
www.cda.pl;www.google-analytics.com
www.cda.pl;www.googletagservices.com
www.cda.pl;adservice.google.com
www.cda.pl;acdn.adnxs.com
www.cda.pl;securepubads.g.doubleclick.net
www.cda.pl;script.4dex.io
www.cda.pl;adx.adform.net
www.cda.pl;cdn.jsdelivr.net
www.cda.pl;tpc.googlesyndication.com
www.cda.pl;www.google.pl
www.cda.pl;fonts.gstatic.com
www.filmweb.pl;stat.kununu.cz
www.gazeta.pl;www.googletagmanager.com
www.gazeta.pl;cdn.speedcurve.com
www.gazeta.pl;mrb.upapi.net
www.gazeta.pl;static.im-g.pl
www.gazeta.pl;rodo.agora.pl
www.gazeta.pl;bi.im-g.pl
www.gazeta.pl;adv.adview.pl
www.gazeta.pl;api.gazeta.pl
www.gazeta.pl;www.google-analytics.com
www.gazeta.pl;securepubads.g.doubleclick.net
www.gazeta.pl;fonts.googleapis.com
www.gazeta.pl;adservice.google.pl
www.gazeta.pl;ampcid.google.com
www.gazeta.pl;ad-delivery.net
www.gazeta.pl;fonts.gstatic.com
www.gazeta.pl;squid.gazeta.pl
www.gazeta.pl;vendorlist.consensu.org
www.gazeta.pl;cdn.snippet.abtshield.com
www.gazeta.pl;ampcid.google.pl
www.gazeta.pl;video.onnetwork.tv
www.gazeta.pl;cdn.onnetwork.tv
www.gazeta.pl;liquid.agora.pl
www.gazeta.pl;d1.abtshield.com
www.gazeta.pl;ad.doubleclick.net
www.gazeta.pl;connect.facebook.net
www.gazeta.pl;adservice.google.com
www.gazeta.pl;gazeta.hit.gemius.pl
www.gazeta.pl;ls.hit.gemius.pl
www.gazeta.pl;backend.upapi.net
www.gazeta.pl;stats.g.doubleclick.net
www.gazeta.pl;dmp.adform.net
www.gazeta.pl;www.facebook.com
www.gazeta.pl;www.googletagservices.com
www.gazeta.pl;www.google.pl
www.gazeta.pl;tpc.googlesyndication.com
www.gazeta.pl;imasdk.googleapis.com
www.gazeta.pl;cdnt.onnetwork.tv
www.gazeta.pl;pagead2.googlesyndication.com
www.gazeta.pl;px.leadexpert.pl
www.gazeta.pl;s0.2mdn.net
www.google.com;googleads.g.doubleclick.net
www.google.com;www.gstatic.com
www.google.com;apis.google.com
www.google.pl;googleads.g.doubleclick.net
www.google.pl;www.gstatic.com
www.google.pl;apis.google.com
www.interia.pl;sgs.iplsc.com
www.interia.pl;iwa.iplsc.com
www.interia.pl;js.iplsc.com
www.interia.pl;iwa3.hit.interia.pl
www.interia.pl;iwa.hit.interia.pl
www.interia.pl;prywatnosc.interia.pl
www.interia.pl;adc.interia.pl
www.interia.pl;d.iplsc.com
www.interia.pl;www.google-analytics.com
www.interia.pl;interia.hit.gemius.pl
www.interia.pl;ls.hit.gemius.pl
www.interia.pl;ifr-lib.interia.pl
www.interia.pl;www.google.pl
www.interia.pl;www.googletagservices.com
www.interia.pl;adservice.google.pl
www.interia.pl;adservice.google.com
www.interia.pl;securepubads.g.doubleclick.net
www.interia.pl;hub.com.pl
www.interia.pl;adx.adform.net
www.interia.pl;prebid-eu.creativecdn.com
www.interia.pl;bidder.criteo.com
www.interia.pl;gdpr.api.dmp.nsaudience.pl
www.interia.pl;interia.api.dmp.nsaudience.pl
www.interia.pl;interiaao.hit.gemius.pl
www.interia.pl;l.iplsc.com
www.interia.pl;e.hub.com.pl
www.interia.pl;i.iplsc.com
www.interia.pl;tpc.googlesyndication.com
www.interia.pl;www.google.com
www.interia.pl;fonts.googleapis.com
www.interia.pl;cdn.ampproject.org
www.interia.pl;j.hub.com.pl
www.interia.pl;pagead2.googlesyndication.com
www.interia.pl;ad.doubleclick.net
www.interia.pl;googleads.g.doubleclick.net
www.interia.pl;fonts.gstatic.com
www.interia.pl;gde-default.hit.gemius.pl
www.interia.pl;static.criteo.net
www.interia.pl;img.tradedoubler.com
www.interia.pl;gum.criteo.com
www.interia.pl;track.adform.net
www.interia.pl;dnacdn.net
www.interia.pl;s0.2mdn.net
www.interia.pl;googleads4.g.doubleclick.net
www.interia.pl;gem.gbc.criteo.com
www.interia.pl;ag.gbc.criteo.com
www.librus.pl;platform.twitter.com
www.librus.pl;ssl.google-analytics.com
www.librus.pl;syndication.twitter.com
www.librus.pl;cdn.syndication.twimg.com
www.librus.pl;pbs.twimg.com
www.mbank.pl;ghmpl.hit.gemius.pl
www.medonet.pl;www.gstatic.com
www.microsoft.com;c.s-microsoft.com
www.microsoft.com;img-prod-cms-rt-microsoft-com.akamaized.net
www.microsoft.com;mem.gfx.ms
www.microsoft.com;logincdn.msauth.net
www.money.pl;s-eu-1.pushpushgo.com
www.netflix.com;codex.nflxext.com
www.netflix.com;assets.nflxext.com
www.o2.pl;v.wpimg.pl
www.o2.pl;fonts.wpcdn.pl
www.o2.pl;connect.facebook.net
www.o2.pl;cdnt1.wp.pl
www.o2.pl;cdnt2.wp.pl
www.o2.pl;cdnt3.wp.pl
www.o2.pl;cdnt4.wp.pl
www.o2.pl;cdnt5.wp.pl
www.o2.pl;cdnt6.wp.pl
www.o2.pl;cdnt7.wp.pl
www.o2.pl;www.wp.pl
www.o2.pl;cdnt8.wp.pl
www.o2.pl;cdnt10.wp.pl
www.o2.pl;cdnt9.wp.pl
www.o2.pl;pogoda.wpcdn.pl
www.o2.pl;s-eu-1.pushpushgo.com
www.office.com;blobs.officehome.msocdn.com
www.olx.pl;static-olxeu.akamaized.net
www.olx.pl;baxter-cdn.production.olxssa.com
www.olx.pl;sdk.privacy-center.org
www.olx.pl;ireland.apollo.olxcdn.com
www.olx.pl;www.google.com
www.olx.pl;ninja.data.olxcdn.com
www.olx.pl;pagead2.googlesyndication.com
www.olx.pl;www.googletagservices.com
www.olx.pl;www.googletagmanager.com
www.olx.pl;adservice.google.pl
www.olx.pl;laquesis.data.olxcdn.com
www.olx.pl;static.criteo.net
www.olx.pl;tracking.olx-st.com
www.olx.pl;www.google-analytics.com
www.olx.pl;securepubads.g.doubleclick.net
www.olx.pl;adservice.google.com
www.olx.pl;stats.g.doubleclick.net
www.olx.pl;pubads.g.doubleclick.net
www.olx.pl;googleads.g.doubleclick.net
www.olx.pl;olx.hit.gemius.pl
www.olx.pl;gum.criteo.com
www.olx.pl;static.hotjar.com
www.olx.pl;cdn.optimizely.com
www.olx.pl;www.google.pl
www.olx.pl;ls.hit.gemius.pl
www.olx.pl;adx.adform.net
www.olx.pl;connect.facebook.net
www.olx.pl;vars.hotjar.com
www.olx.pl;script.hotjar.com
www.olx.pl;dnacdn.net
www.olx.pl;ag.gbc.criteo.com
www.olx.pl;gem.gbc.criteo.com
www.olx.pl;logx.optimizely.com
www.olx.pl;tpc.googlesyndication.com
www.olx.pl;ad.doubleclick.net
www.olx.pl;www.facebook.com
www.olx.pl;s0.2mdn.net
www.olx.pl;code.createjs.com
www.onet.pl;ocdn.eu
www.onet.pl;sgqcvfjvr.onet.pl
www.onet.pl;onet.hit.gemius.pl
www.onet.pl;cmp.dreamlab.pl
www.onet.pl;csr.onet.pl
www.onet.pl;events.ocdn.eu
www.onet.pl;www.googletagservices.com
www.onet.pl;ls.hit.gemius.pl
www.onet.pl;adservice.google.pl
www.onet.pl;securepubads.g.doubleclick.net
www.onet.pl;adservice.google.com
www.onet.pl;www.googletagmanager.com
www.onet.pl;cdn.brandmetrics.com
www.onet.pl;collector.brandmetrics.com
www.onet.pl;www.google-analytics.com
www.onet.pl;authorisation.grupaonet.pl
www.onet.pl;www.google.pl
www.reddit.com;styles.redditmedia.com
www.reddit.com;www.redditstatic.com
www.reddit.com;preview.redd.it
www.reddit.com;b.thumbs.redditmedia.com
www.reddit.com;external-preview.redd.it
www.reddit.com;c.aaxads.com
www.reddit.com;www.googletagservices.com
www.reddit.com;c.amazon-adsystem.com
www.tvp.pl;imasdk.googleapis.com
www.twitch.tv;polyfill.twitchsvc.net
www.twitch.tv;static.twitchcdn.net
www.twitch.tv;video-edge-e70d9b.pdx01.abs.hls.ttvnw.net
www.twitch.tv;pubsub-edge.twitch.tv
www.twitch.tv;gql.twitch.tv
www.twitch.tv;irc-ws.chat.twitch.tv
www.twitch.tv;www.gstatic.com
www.twitch.tv;c.amazon-adsystem.com
www.twitch.tv;www.googletagservices.com
www.twitch.tv;adservice.google.pl
www.twitch.tv;adservice.google.com
www.twitch.tv;securepubads.g.doubleclick.net
www.twitch.tv;client-event-reporter.twitch.tv
www.twitch.tv;static-cdn.jtvnw.net
www.twitch.tv;cdn.branch.io
www.twitch.tv;s.amazon-adsystem.com
www.twitch.tv;api.twitch.tv
www.twitch.tv;d2v02itv0y9u9t.cloudfront.net
www.twitch.tv;ssl.google-analytics.com
www.twitch.tv;cdn-gl.imrworldwide.com
www.twitch.tv;sb.scorecardresearch.com
www.twitch.tv;api2.branch.io
www.twitch.tv;app.link
www.twitch.tv;countess.twitch.tv
www.twitch.tv;usher.ttvnw.net
www.twitch.tv;video-weaver.waw01.hls.ttvnw.net
www.twitch.tv;93sysb4vusgpqqmgbjdrenlo5t5fw1589223818.nuid.imrworldwide.com
www.twitch.tv;www.facebook.com
www.wiocha.pl;fonts.googleapis.com
www.wiocha.pl;img.wiocha.pl
www.wiocha.pl;www.googletagmanager.com
www.wiocha.pl;mov.wiocha.pl
www.wiocha.pl;d31qbv1cthcecs.cloudfront.net
www.wiocha.pl;fonts.gstatic.com
www.wiocha.pl;www.google-analytics.com
www.wiocha.pl;connect.facebook.net
www.wiocha.pl;adx.adform.net
www.wiocha.pl;www.wgrane.pl
www.wiocha.pl;certify.alexametrics.com
www.wiocha.pl;ads.rubiconproject.com
www.wiocha.pl;s1.adform.net
www.wiocha.pl;optimized-by.rubiconproject.com
www.wiocha.pl;imasdk.googleapis.com
www.wiocha.pl;www.facebook.com
www.wiocha.pl;eus.rubiconproject.com
www.wiocha.pl;www3.smartadserver.com
www.wiocha.pl;s.update.rubiconproject.com
www.wiocha.pl;ced-ns.sascdn.com
www.wiocha.pl;www.google.pl
www.wiocha.pl;cdn.onnetwork.tv
www.wiocha.pl;lv.adocean.pl
www.wiocha.pl;bbcdn-tag.ibillboard.com
www.wiocha.pl;bbcdn-bbnaut.ibillboard.com
www.wiocha.pl;s0.2mdn.net
www.wiocha.pl;adservice.google.com
www.wiocha.pl;bbcdn.go.cz.bbelements.com
www.wiocha.pl;bbcdn.go.ibillboard.bbelements.com
www.wiocha.pl;bidder.criteo.com
www.wiocha.pl;c.amazon-adsystem.com
www.wiocha.pl;prebid-eu.creativecdn.com
www.wiocha.pl;prg.smartadserver.com
www.wiocha.pl;adlv.hit.gemius.pl
www.wiocha.pl;dmx.districtm.io
www.wiocha.pl;ib.adnxs.com
www.wiocha.pl;hbopenbid.pubmatic.com
www.wiocha.pl;as-sec.casalemedia.com
www.wiocha.pl;go.eu.bbelements.com
www.wiocha.pl;www.googletagservices.com
www.wiocha.pl;bid.contextweb.com
www.wiocha.pl;adservice.google.pl
www.wiocha.pl;ads.betweendigital.com
www.wiocha.pl;securepubads.g.doubleclick.net
www.wiocha.pl;stars.pl
www.wiocha.pl;pagead2.googlesyndication.com
www.wiocha.pl;static.criteo.net
www.wiocha.pl;node.setupad.com
www.wiocha.pl;tpc.googlesyndication.com
www.wiocha.pl;gum.criteo.com
www.wiocha.pl;aax-eu.amazon-adsystem.com
www.wiocha.pl;bh.contextweb.com
www.wiocha.pl;video-ads.rubiconproject.com
www.wiocha.pl;scontent-frx5-1.xx.fbcdn.net
www.wiocha.pl;scontent-frt3-1.xx.fbcdn.net
www.wiocha.pl;dnacdn.net
www.wiocha.pl;ag.gbc.criteo.com
www.wiocha.pl;gem.gbc.criteo.com
www.wp.pl;v.wpimg.pl
www.wp.pl;s-eu-1.pushpushgo.com
www.wp.pl;fonts.wpcdn.pl
www.wp.pl;wp.hit.gemius.pl
www.wp.pl;ls.hit.gemius.pl
www.wp.pl;static.hotjar.com
www.wp.pl;pogoda.wpcdn.pl
www.wp.pl;script.hotjar.com
www.wp.pl;vars.hotjar.com
www.wp.pl;gde-default.hit.gemius.pl
www.wykop.pl;adx.adform.net
www.wykop.pl;pagead2.googlesyndication.com
www.yahoo.com;video.adaptv.advertising.com
www.youtube.com;i.ytimg.com
www.youtube.com;s.ytimg.com
www.youtube.com;www.google.pl
www.youtube.com;www.google.com
www.youtube.com;googleads.g.doubleclick.net
www.youtube.com;fonts.googleapis.com
www.youtube.com;fonts.gstatic.com
wyborcza.pl;gazeta.hit.gemius.pl
